{
  "predictions": {
    "rec_texts": ["height", "height", "height", "stairs", "advance", "forward", "advance", "foreward", "height", "advance", "stairs", "favorite", "advance", "stairs", "favorite", "squirrel", "forward", "favorite", "foreward", "fox", "fox", "stairs", "that", "quirrel", "squirrel", "spike", "around", "that", "screen", "that", "moon", "favorite", "around", "screen", "moon", "that", "spike", "squirrel", "screen", "fox", "moon", "oioounn", "moon", "like", "screen", "around", "fave", "spik", "like", "spi", "fox"],
    "rec_scores": [0.9999595681826273, 0.9992622037728628, 0.9999603033065796, 0.9993131955464681, 0.9999934434890747, 0.9997817192758832, 0.999359497002193, 0.9430702552199364, 0.9999329646428426, 0.9999138372285026, 0.99999072154363, 0.999997690320015, 0.9995765089988708, 0.9995403985182444, 0.9999910444021225, 0.9997978881001472, 0.9999517542975289, 0.9986152350902557, 0.9211300536990166, 0.9360950589179993, 0.9739527503649393, 0.9999890128771464, 0.9999904632568359, 0.9978928821427482, 0.9999965280294418, 0.9981350779533387, 0.9990812242031097, 0.9998004287481308, 0.9999968608220419, 0.9999976456165314, 0.9873870462179184, 0.9813295900821686, 0.9955793917179108, 0.9999944766362509, 0.9999561607837677, 0.9999039620161057, 0.9981793880462646, 0.9837562963366508, 0.9999916354815165, 0.8145140608151754, 0.9999860525131226, 0.6094504594802856, 0.9998371303081512, 0.987237274646759, 0.9999964435895284, 0.9999851981798807, 0.8391742557287216, 0.9868014454841614, 0.862689197063446, 0.9989091157913208, 0.9879965980847677],
    "det_polygons": [
      [1188.191150442478, 2112.3398230088496, 1450.4495575221238, 2078.4424778761063, 1464.7221238938052, 2183.7026548672566, 1202.4637168141592, 2215.81592920354],
      [1652.049557522124, 1355.8938053097345, 1935.716814159292, 1330.916814159292, 1944.6371681415928, 1429.0407079646018, 1660.9699115044248, 1455.8017699115044],
      [1049.033628318584, 3346.916814159292, 1323.7805309734513, 3330.86017699115, 1332.7008849557521, 3453.9610619469026, 1056.1699115044248, 3470.0176991150443],
      [1227.4407079646016, 1270.258407079646, 1500.403539823009, 1255.9858407079646, 1503.9716814159292, 1346.9734513274336, 1231.0088495575221, 1359.4619469026547],
      [1887.5469026548672, 126.66902654867256, 2192.6230088495577, 121.31681415929204, 2194.407079646018, 210.5203539823009, 1889.3309734513275, 215.87256637168142],
      [1143.5893805309734, 312.21238938053096, 1457.5858407079645, 292.58761061946905, 1464.7221238938052, 383.57522123893807, 1148.941592920354, 403.2],
      [285.4513274336283, 1307.7238938053097, 563.7663716814159, 1289.883185840708, 569.1185840707965, 1379.0867256637168, 290.80353982300886, 1398.7115044247787],
      [219.44070796460176, 1441.529203539823, 581.6070796460177, 1400.4955752212388, 592.3115044247787, 1500.403539823009, 230.14513274336284, 1539.6530973451327],
      [1978.5345132743362, 255.1221238938053, 2272.9061946902652, 251.55398230088494, 2274.690265486726, 360.3823008849557, 1980.3185840707965, 363.9504424778761],
      [779.6389380530974, 1819.7522123893805, 1059.738053097345, 1819.7522123893805, 1059.738053097345, 1912.5238938053096, 779.6389380530974, 1912.5238938053096],
      [185.54336283185842, 346.1097345132743, 481.6991150442478, 342.541592920354, 483.48318584070796, 440.6654867256637, 187.32743362831857, 446.01769911504425],
      [679.7309734513274, 2178.350442477876, 1056.1699115044248, 2142.6690265486727, 1066.8743362831858, 2244.3610619469027, 690.4353982300885, 2280.042477876106],
      [376.43893805309733, 3345.1327433628317, 378.2230088495575, 3261.2814159292034, 633.3451327433628, 3266.633628318584, 631.5610619469027, 3350.4849557522125],
      [758.2300884955752, 2046.329203539823, 952.6938053097344, 2042.7610619469026, 954.4778761061947, 2126.612389380531, 760.0141592920354, 2130.1805309734514],
      [676.1628318584071, 347.8938053097345, 1027.6247787610619, 319.3486725663717, 1034.7610619469026, 408.55221238938054, 683.2991150442477, 437.0973451327434],
      [253.33805309734512, 1921.4442477876105, 606.5840707964602, 1850.0814159292036, 624.4247787610619, 1942.8530973451327, 272.96283185840707, 2014.2159292035399],
      [1218.5203539823008, 1798.3433628318585, 1575.3345132743364, 1769.7982300884955, 1582.4707964601769, 1848.2973451327434, 1225.6566371681415, 1876.8424778761062],
      [1138.237168141593, 2838.4566371681417, 1402.2796460176992, 2824.18407079646, 1405.8477876106194, 2906.2513274336284, 1141.8053097345132, 2920.52389380531],
      [1034.7610619469026, 2954.421238938053, 1396.9274336283186, 2940.1486725663717, 1400.4955752212388, 3032.9203539823006, 1038.329203539823, 3045.408849557522],
      [1057.953982300885, 3241.6566371681415, 1229.224778761062, 3234.520353982301, 1232.7929203539823, 3337.996460176991, 1061.5221238938052, 3345.1327433628317],
      [1209.6, 2083.7946902654867, 1211.3840707964603, 1983.8867256637168, 1363.0300884955752, 1987.454867256637, 1361.246017699115, 2087.362831858407],
      [1027.6247787610619, 2706.4353982300886, 1293.4513274336282, 2693.9469026548672, 1298.8035398230088, 2786.7185840707966, 1031.1929203539823, 2799.2070796460175],
      [228.36106194690265, 2265.7699115044247, 417.4725663716814, 2242.5769911504426, 428.17699115044246, 2331.7805309734513, 239.0654867256637, 2353.1893805309733],
      [431.74513274336283, 2804.5592920353984, 435.3132743362832, 2708.2194690265487, 722.5486725663717, 2717.1398230088494, 718.9805309734513, 2813.479646017699],
      [249.76991150442478, 1164.9982300884956, 610.1522123893806, 1129.316814159292, 620.8566371681416, 1248.8495575221239, 260.47433628318583, 1284.5309734513273],
      [1216.7362831858406, 1113.2601769911505, 1507.5398230088495, 1050.8176991150442, 1528.9486725663717, 1152.5097345132742, 1238.1451327433629, 1214.9522123893805],
      [788.5592920353982, 1113.2601769911505, 1077.5787610619468, 1098.987610619469, 1081.1469026548673, 1195.3274336283187, 792.1274336283186, 1207.8159292035398],
      [321.13274336283183, 3131.0442477876104, 522.7327433628318, 3102.499115044248, 537.0053097345133, 3193.4867256637167, 335.40530973451325, 3222.0318584070797],
      [701.1398230088496, 1942.8530973451327, 984.8070796460177, 1926.796460176991, 988.375221238938, 2003.5115044247786, 704.7079646017698, 2019.5681415929203],
      [1609.2318584070797, 126.66902654867256, 1807.2637168141594, 126.66902654867256, 1807.2637168141594, 226.57699115044247, 1609.2318584070797, 226.57699115044247],
      [1211.3840707964603, 1960.6938053097344, 1211.3840707964603, 1898.2513274336284, 1380.870796460177, 1898.2513274336284, 1380.870796460177, 1960.6938053097344],
      [1757.3097345132744, 1241.7132743362831, 2014.2159292035399, 1231.0088495575221, 2017.7840707964601, 1311.2920353982302, 1760.8778761061947, 1321.9964601769911],
      [219.44070796460176, 2062.3858407079647, 533.4371681415929, 2023.1362831858407, 542.3575221238938, 2103.4194690265485, 228.36106194690265, 2140.884955752212],
      [745.7415929203539, 1291.667256637168, 1059.738053097345, 1275.6106194690265, 1063.3061946902656, 1352.3256637168142, 749.3097345132743, 1370.166371681416],
      [1084.7150442477875, 3170.2938053097346, 1086.4991150442477, 3098.930973451327, 1280.962831858407, 3102.499115044248, 1279.178761061947, 3173.861946902655],
      [1655.6176991150442, 1057.953982300885, 1821.5362831858406, 1041.8973451327433, 1830.4566371681415, 1147.1575221238938, 1664.538053097345, 1163.2141592920354],
      [313.99646017699115, 3020.4318584070797, 590.5274336283186, 2974.046017699115, 606.5840707964602, 3065.033628318584, 330.05309734513276, 3111.4194690265485],
      [347.8938053097345, 187.32743362831857, 679.7309734513274, 187.32743362831857, 679.7309734513274, 280.0991150442478, 347.8938053097345, 280.0991150442478],
      [299.72389380530973, 3400.4389380530974, 595.8796460176991, 3389.734513274336, 599.4477876106195, 3480.7221238938055, 303.2920353982301, 3491.4265486725662],
